,accuracy,precision,recall,f1,kappa,set,modelo
0,0.828,0.8448935008192244,0.9626633478531424,0.8999418266433972,0.3058680382498996,test,Regresi贸n logistica Esta
1,0.82075,0.8383282925488039,0.959408432976715,0.8947909024211299,0.30778610300953746,train,Regresi贸n logistica Esta
0,0.7524977293369663,0.763751127141569,0.7495575221238938,0.7565877623939258,0.5049007029057674,test,Regresi贸n logistica Esta Balan
1,0.754884143571104,0.7599155127904248,0.7404527784129888,0.7500579105860552,0.5096648181809031,train,Regresi贸n logistica Esta Balan
