,MAE,MSE,RMSE,R2,set,modelo
0,590.9140627651343,713235.4991300039,844.5327105151131,0.9061201734641039,test,Linear Regresion
1,592.6581273092421,722504.4826393581,850.0026368425913,0.9055440051154418,train,LinearRegression
